Workbook

Sheet FRI report
E2: Final Inspection Report
A4: Client: | D4: Global Tech | I4: Supplier: | L4: Alpha Labs | R4: Client PO#: | U4: PO-XX328
A5: XXX office: | D5: TX | I5: Inspector: | L5: Sam Davis | R5: XXX PO#: | U5: 21668732
A6: PM: | D6: Avery Wilson | I6: Inspection Site: | L6: Greenfield county, Metro city | R6: PO Quantity: | U6: N/A
A7: Project#: | D7: XXBFNO6 | I7: Inspection date: | L7: 46046 | R7: Batch Quantity: | U7: 88907PCS
D8: Date of Manufacture: | L8: 1/18/2026~1/21/2026 | R8: Lot ID: | U8: 9928-539898(1st lot)
A9: Item#: | D9: XX-ABC-68878-C
A10: Description: | D10: Standard Component Assembly with Seal Insert
A12: Sign-off sample: | D12: Yes | G12: Approved drawings | K12: Yes | N12: (Drawing#: | P12: K1VRJNVG | U12: REV: | V12: C | X12: )
A13: Ship mark | D13: Yes | G13: Approved ranges | K13: Yes | U13: Ship to | W13: TBA
A16: Inspection Result: | H16: Accept
U17: Re-inspection: | V17: No | Z17: <<=
B19: ( Comment: | Y19: ) | Z19: <<= | AA19: 1-Single line
AA20: 2-Single line
AA21: 3-Single line
AA22: 4-Double lines
AA23: 4-Double lines
AA24: 5-Double lines
AA25: 5-Double lines
AA26: 6-Double lines
AA27: 6-Double lines
A30: Inspection Result Summary
A32: Check points | D32: Sample size | G32: Comment | J32: Remark
A34: Dimension | D34: 20 | G34: Conformed
A35: Aesthetics | D35: 500 | G35: Conformed
A36: Color | D36: 500 | G36: Conformed
A37: Material | G37: N/A
A38: Decoration | D38: 500 | G38: Conformed
A39: Packaging | G39: N/A
A40: Labeling | G40: N/A
A41: Assortment | G41: N/A
A42: Ship mark | D42: 1 | G42: Conformed
A43: Workmanship | D43: 500 | G43: Conformed
A44: Function | D44: 20 | G44: Conformed
A46: Aesthetic Inspection
A48: Inspection method: | E48: ANSI/ASQ Z1.4 | I48: Sampling plan: | L48: Single sampling normal inspection | T48: Sampling level: | W48: Level 2
A49: Acceptable Quality Level (AQL): | G49: Critical A: | J49: 0 | L49: Critical B: | O49: 0.65 | Q49: Major: | S49: 1.5 | U49: Minor: | W49: 4.0
A50: Sample size: | E50: 500 | K50: No. of carton drawn: | O50: 10
A51: Opened carton No.: | E51: No carton# | Z51: <<=
AB52: 2
A54: No. | B54: Defects description | R54: Cri. A | T54: Cri. B | V54: Major | X54: Minor
A56: 1 | B56: K. Seal gap | V56: 1 | X56: 1
A57: 2 | B57: J. Thread irregularity | X57: 3 | Z57: <<=
A58: 3 | AC58: 3
A59: 4 | AC59: 4
A60: 5 | AC60: 5
A61: 6 | AC61: 6
A62: 7 | AC62: 7
A63: 8 | AC63: 8
A64: 9 | AC64: 9
A65: 10 | AC65: 10
A66: 11 | AC66: 11
A67: 12 | AC67: 12
A68: 13 | AC68: 13
A69: 14 | AC69: 14
... A75: 20 | AC75: 20
B76: Total Defectives | R76: =IF(COUNT(R56:S75),SUM(R56:S75),"") | T76: =IF(COUNT(T56:U75),SUM(T56:U75),"") | V76: =IF(COUNT(V56:W75),SUM(V56:W75),"") -> 1 | X76: =IF(COUNT(X56:Y75),SUM(X56:Y75),"") -> 4
A77: Maximum Defectives | R77: 0 | T77: 7 | V77: 14 | X77: 21
A80: Inspection qty: | E80: >80%
A83: Item# | D83: XXX PO No. | G83: Batch qty. | J83: Inspection quantity | R83: No. of carton
J84: Packed | N84: Unpacked | R84: Packed | V84: Unpacked
A86: XX-ABC-57052-C | D86: 71662963 | G86: 61859 | J86: 41466 | N86: 8462 | R86: 61 | V86: 16 | Z86: <<=
AD87: 2
AD88: 3
AD89: 4
AD90: 5
AD91: 6
AD92: 7
AD93: 8
AD94: 9
AD95: 10
I96: Total: | J96: =IF(COUNT(J86:M95),SUM(J86:M95),"") -> 41466 | N96: =IF(COUNT(N86:Q95),SUM(N86:Q95),"") -> 8462 | R96: =IF(COUNT(R86:U95),SUM(R86:U95),"") -> 61 | V96: =IF(COUNT(V86:Y95),SUM(V86:Y95),"") -> 16
A98: Carton Check
A100: Check point | J100: Inner carton | R100: Outer carton
A101: Quantity per carton: | E101: Part C & Insert | R101: 619
A102: Dimension of carton (cm): | H102: L x W X H | L102: x | O102: x | R102: 47 | T102: x | U102: 32 | W102: x | X102: 43
A103: Weight of carton (Kg): | H103: Gross/Net | M103: / | R103: 15.3 | U103: / | W103: 14
A104: Scan the barcode number: | G104: (Result: | H104: N/A | I104: ) | Z104: <<=
AE105: 2
A106: Quantity per carton: | AE106: 2
A107: Dimension of carton (cm): | H107: L x W X H | L107: x | O107: x | T107: x | W107: x | AE107: 2
A108: Weight of carton (Kg): | H108: Gross/Net | M108: / | U108: / | AE108: 2
A109: Scan the barcode number: | G109: (Result: | H109: N/A | I109: ) | AE109: 2
AE110: 3
A111: Quantity per carton: | E111: liner | R111: 14056 | AE111: 3
A112: Dimension of carton (cm): | H112: L x W X H | L112: x | O112: x | R112: 47 | T112: x | U112: 33 | W112: x | X112: 33 | AE112: 3
A113: Weight of carton (Kg): | H113: Gross/Net | M113: / | R113: 5.2 | U113: / | W113: 4.45 | AE113: 3
A114: Scan the barcode number: | G114: (Result: | H114: N/A | I114: ) | AE114: 3
AE115: 4
A116: Quantity per carton: | AE116: 4
A117: Dimension of carton (cm): | H117: L x W X H | L117: x | O117: x | T117: x | W117: x | AE117: 4
A118: Weight of carton (Kg): | H118: Gross/Net | M118: / | U118: / | AE118: 4
A119: Scan the barcode number: | G119: (Result: | I119: ) | AE119: 4
AE120: 5
A121: Quantity per carton: | AE121: 5
A122: Dimension of carton (cm): | H122: L x W X H | L122: x | O122: x | T122: x | W122: x | AE122: 5
A123: Weight of carton (Kg): | H123: Gross/Net | M123: / | U123: / | AE123: 5
A124: Scan the barcode number: | G124: (Result: | I124: ) | AE124: 5
A127: Dimension and Function check - | G127: Sampling level: | J127: S-2
G128: Sample size: | J128: 13+7
...

Sheet Photos 1
E2: Final Inspection Report
A4: Client: | D4: =IF('FRI report'!D4:H4="","",'FRI report'!D4:H4) -> Global Tech | I4: Supplier: | L4: =IF('FRI report'!L4:Q4="","",'FRI report'!L4:Q4) -> Alpha Labs | R4: Client PO#: | U4: =IF('FRI report'!U4:Y4="","",'FRI report'!U4:Y4) -> PO-XX328 | Z4: <- | AA4: All info fill in automatically per FRI report
A5: XXX office: | D5: =IF('FRI report'!D5:H5="","",'FRI report'!D5:H5) -> TX | I5: Inspector: | L5: =IF('FRI report'!L5:Q5="","",'FRI report'!L5:Q5) -> Sam Davis | R5: XXX PO#: | U5: =IF('FRI report'!U5:Y5="","",'FRI report'!U5:Y5) -> 21668732
A6: PM: | D6: =IF('FRI report'!D6:H6="","",'FRI report'!D6:H6) -> Avery Wilson | I6: Inspection Site: | L6: =IF('FRI report'!L6:Q6="","",'FRI report'!L6:Q6) -> Greenfield county, Metro city | R6: PO Quantity: | U6: =IF('FRI report'!U6:Y6="","",'FRI report'!U6:Y6) -> N/A
A7: Project#: | D7: =IF('FRI report'!D7:H7="","",'FRI report'!D7:H7) -> XXBFNO6 | I7: Inspection date: | L7: =IF('FRI report'!L7:Q7="","",'FRI report'!L7:Q7) -> 46046 | R7: Batch Quantity: | U7: =IF('FRI report'!U7:Y7="","",'FRI report'!U7:Y7) -> 88907PCS
R8: Lot ID: | U8: =IF('FRI report'!U8:Y8="","",'FRI report'!U8:Y8) -> 9928-539898(1st lot)
A9: Item#: | D9: =IF('FRI report'!D9:Y9="","",'FRI report'!D9:Y9) -> XX-ABC-68878-C
A10: Description: | D10: =IF('FRI report'!D10:Y10="","",'FRI report'!D10:Y10) -> Standard Component Assembly with Seal Insert
A12: Photos

Sheet Photos 2
E2: Final Inspection Report
A4: Client: | D4: =IF('FRI report'!D4:H4="","",'FRI report'!D4:H4) -> Global Tech | I4: Supplier: | L4: =IF('FRI report'!L4:Q4="","",'FRI report'!L4:Q4) -> Alpha Labs | R4: Client PO#: | U4: =IF('FRI report'!U4:Y4="","",'FRI report'!U4:Y4) -> PO-XX328 | Z4: <- | AA4: All info fill in automatically per FRI report
A5: XXX office: | D5: =IF('FRI report'!D5:H5="","",'FRI report'!D5:H5) -> TX | I5: Inspector: | L5: =IF('FRI report'!L5:Q5="","",'FRI report'!L5:Q5) -> Sam Davis | R5: XXX PO#: | U5: =IF('FRI report'!U5:Y5="","",'FRI report'!U5:Y5) -> 21668732
A6: PM: | D6: =IF('FRI report'!D6:H6="","",'FRI report'!D6:H6) -> Avery Wilson | I6: Inspection Site: | L6: =IF('FRI report'!L6:Q6="","",'FRI report'!L6:Q6) -> Greenfield county, Metro city | R6: PO Quantity: | U6: =IF('FRI report'!U6:Y6="","",'FRI report'!U6:Y6) -> N/A
A7: Project#: | D7: =IF('FRI report'!D7:H7="","",'FRI report'!D7:H7) -> XXBFNO6 | I7: Inspection date: | L7: =IF('FRI report'!L7:Q7="","",'FRI report'!L7:Q7) -> 46046 | R7: Batch Quantity: | U7: =IF('FRI report'!U7:Y7="","",'FRI report'!U7:Y7) -> 88907PCS
R8: Lot ID: | U8: =IF('FRI report'!U8:Y8="","",'FRI report'!U8:Y8) -> 9928-539898(1st lot)
A9: Item#: | D9: =IF('FRI report'!D9:Y9="","",'FRI report'!D9:Y9) -> XX-ABC-68878-C
A10: Description: | D10: =IF('FRI report'!D10:Y10="","",'FRI report'!D10:Y10) -> Standard Component Assembly with Seal Insert
A12: Photos

Sheet Photos 3
E2: Final Inspection Report
A4: Client: | D4: =IF('FRI report'!D4:H4="","",'FRI report'!D4:H4) -> Global Tech | I4: Supplier: | L4: =IF('FRI report'!L4:Q4="","",'FRI report'!L4:Q4) -> Alpha Labs | R4: Client PO#: | U4: =IF('FRI report'!U4:Y4="","",'FRI report'!U4:Y4) -> PO-XX328 | Z4: <- | AA4: All info fill in automatically per FRI report
A5: XXX office: | D5: =IF('FRI report'!D5:H5="","",'FRI report'!D5:H5) -> TX | I5: Inspector: | L5: =IF('FRI report'!L5:Q5="","",'FRI report'!L5:Q5) -> Sam Davis | R5: XXX PO#: | U5: =IF('FRI report'!U5:Y5="","",'FRI report'!U5:Y5) -> 21668732
A6: PM: | D6: =IF('FRI report'!D6:H6="","",'FRI report'!D6:H6) -> Avery Wilson | I6: Inspection Site: | L6: =IF('FRI report'!L6:Q6="","",'FRI report'!L6:Q6) -> Greenfield county, Metro city | R6: PO Quantity: | U6: =IF('FRI report'!U6:Y6="","",'FRI report'!U6:Y6) -> N/A
A7: Project#: | D7: =IF('FRI report'!D7:H7="","",'FRI report'!D7:H7) -> XXBFNO6 | I7: Inspection date: | L7: =IF('FRI report'!L7:Q7="","",'FRI report'!L7:Q7) -> 46046 | R7: Batch Quantity: | U7: =IF('FRI report'!U7:Y7="","",'FRI report'!U7:Y7) -> 88907PCS
R8: Lot ID: | U8: =IF('FRI report'!U8:Y8="","",'FRI report'!U8:Y8) -> 9928-539898(1st lot)
A9: Item#: | D9: =IF('FRI report'!D9:Y9="","",'FRI report'!D9:Y9) -> XX-ABC-68878-C
A10: Description: | D10: =IF('FRI report'!D10:Y10="","",'FRI report'!D10:Y10) -> Standard Component Assembly with Seal Insert
A12: Photos

Sheet Photos 4
E2: Final Inspection Report
A4: Client: | D4: =IF('FRI report'!D4:H4="","",'FRI report'!D4:H4) -> Global Tech | I4: Supplier: | L4: =IF('FRI report'!L4:Q4="","",'FRI report'!L4:Q4) -> Alpha Labs | R4: Client PO#: | U4: =IF('FRI report'!U4:Y4="","",'FRI report'!U4:Y4) -> PO-XX328 | Z4: <- | AA4: All info fill in automatically per FRI report
A5: XXX office: | D5: =IF('FRI report'!D5:H5="","",'FRI report'!D5:H5) -> TX | I5: Inspector: | L5: =IF('FRI report'!L5:Q5="","",'FRI report'!L5:Q5) -> Sam Davis | R5: XXX PO#: | U5: =IF('FRI report'!U5:Y5="","",'FRI report'!U5:Y5) -> 21668732
A6: PM: | D6: =IF('FRI report'!D6:H6="","",'FRI report'!D6:H6) -> Avery Wilson | I6: Inspection Site: | L6: =IF('FRI report'!L6:Q6="","",'FRI report'!L6:Q6) -> Greenfield county, Metro city | R6: PO Quantity: | U6: =IF('FRI report'!U6:Y6="","",'FRI report'!U6:Y6) -> N/A
A7: Project#: | D7: =IF('FRI report'!D7:H7="","",'FRI report'!D7:H7) -> XXBFNO6 | I7: Inspection date: | L7: =IF('FRI report'!L7:Q7="","",'FRI report'!L7:Q7) -> 46046 | R7: Batch Quantity: | U7: =IF('FRI report'!U7:Y7="","",'FRI report'!U7:Y7) -> 88907PCS
R8: Lot ID: | U8: =IF('FRI report'!U8:Y8="","",'FRI report'!U8:Y8) -> 9928-539898(1st lot)
A9: Item#: | D9: =IF('FRI report'!D9:Y9="","",'FRI report'!D9:Y9) -> XX-ABC-68878-C
A10: Description: | D10: =IF('FRI report'!D10:Y10="","",'FRI report'!D10:Y10) -> Standard Component Assembly with Seal Insert
A12: Photos

Sheet Photos 5
E2: Final Inspection Report
A4: Client: | D4: =IF('FRI report'!D4:H4="","",'FRI report'!D4:H4) -> Global Tech | I4: Supplier: | L4: =IF('FRI report'!L4:Q4="","",'FRI report'!L4:Q4) -> Alpha Labs | R4: Client PO#: | U4: =IF('FRI report'!U4:Y4="","",'FRI report'!U4:Y4) -> PO-XX328 | Z4: <- | AA4: All info fill in automatically per FRI report
A5: XXX office: | D5: =IF('FRI report'!D5:H5="","",'FRI report'!D5:H5) -> TX | I5: Inspector: | L5: =IF('FRI report'!L5:Q5="","",'FRI report'!L5:Q5) -> Sam Davis | R5: XXX PO#: | U5: =IF('FRI report'!U5:Y5="","",'FRI report'!U5:Y5) -> 21668732
A6: PM: | D6: =IF('FRI report'!D6:H6="","",'FRI report'!D6:H6) -> Avery Wilson | I6: Inspection Site: | L6: =IF('FRI report'!L6:Q6="","",'FRI report'!L6:Q6) -> Greenfield county, Metro city | R6: PO Quantity: | U6: =IF('FRI report'!U6:Y6="","",'FRI report'!U6:Y6) -> N/A
A7: Project#: | D7: =IF('FRI report'!D7:H7="","",'FRI report'!D7:H7) -> XXBFNO6 | I7: Inspection date: | L7: =IF('FRI report'!L7:Q7="","",'FRI report'!L7:Q7) -> 46046 | R7: Batch Quantity: | U7: =IF('FRI report'!U7:Y7="","",'FRI report'!U7:Y7) -> 88907PCS
R8: Lot ID: | U8: =IF('FRI report'!U8:Y8="","",'FRI report'!U8:Y8) -> 9928-539898(1st lot)
A9: Item#: | D9: =IF('FRI report'!D9:Y9="","",'FRI report'!D9:Y9) -> XX-ABC-68878-C
A10: Description: | D10: =IF('FRI report'!D10:Y10="","",'FRI report'!D10:Y10) -> Standard Component Assembly with Seal Insert
A12: Photos

Sheet Photos 6
E2: Final Inspection Report
A4: Client: | D4: =IF('FRI report'!D4:H4="","",'FRI report'!D4:H4) -> Global Tech | I4: Supplier: | L4: =IF('FRI report'!L4:Q4="","",'FRI report'!L4:Q4) -> Alpha Labs | R4: Client PO#: | U4: =IF('FRI report'!U4:Y4="","",'FRI report'!U4:Y4) -> PO-XX328 | Z4: <- | AA4: All info fill in automatically per FRI report
A5: XXX office: | D5: =IF('FRI report'!D5:H5="","",'FRI report'!D5:H5) -> TX | I5: Inspector: | L5: =IF('FRI report'!L5:Q5="","",'FRI report'!L5:Q5) -> Sam Davis | R5: XXX PO#: | U5: =IF('FRI report'!U5:Y5="","",'FRI report'!U5:Y5) -> 21668732
A6: PM: | D6: =IF('FRI report'!D6:H6="","",'FRI report'!D6:H6) -> Avery Wilson | I6: Inspection Site: | L6: =IF('FRI report'!L6:Q6="","",'FRI report'!L6:Q6) -> Greenfield county, Metro city | R6: PO Quantity: | U6: =IF('FRI report'!U6:Y6="","",'FRI report'!U6:Y6) -> N/A
A7: Project#: | D7: =IF('FRI report'!D7:H7="","",'FRI report'!D7:H7) -> XXBFNO6 | I7: Inspection date: | L7: =IF('FRI report'!L7:Q7="","",'FRI report'!L7:Q7) -> 46046 | R7: Batch Quantity: | U7: =IF('FRI report'!U7:Y7="","",'FRI report'!U7:Y7) -> 88907PCS
R8: Lot ID: | U8: =IF('FRI report'!U8:Y8="","",'FRI report'!U8:Y8) -> 9928-539898(1st lot)
A9: Item#: | D9: =IF('FRI report'!D9:Y9="","",'FRI report'!D9:Y9) -> XX-ABC-68878-C
A10: Description: | D10: =IF('FRI report'!D10:Y10="","",'FRI report'!D10:Y10) -> Standard Component Assembly with Seal Insert
A12: Photos

Sheet db
A1: defects found No | B1: OD stem "D" | C1: disc/jar
A2: air bubble | B2: OD "S" stem | C2: ?times
A3: embedded bottle dot in black | B3: "Wing"thickness | C3: （?oz.in) smoothly
A4: material dot black in | B4: ( * | C4: ?kgf
A5: was cup top the up rotated to not | B5: (BOTTOM)ID | C5: spatula/cap/jar
A6: mark cutting | B6: (Result: | C6: Cap/Wiper/Bottle
A7: damaged | B7: (UP)ID | C7: cap Cap/Base/Disc/Inner
A8: deformation | B8: OD A-shell | C8: cap/sifter/jar
A9: mark dent | B9: Acceptable Quality Level (AQL): | C9: Sifter&Jar&Cap
A10: dirt mark | B10: L Acetate | C10: palette With AL
A11: mark dirt | B11: Acetate thickness | C11: normal use
A12: be cleaned) mark(can dirt | B12: W Acetate | C12: correct be and scanned can
... A54: wrinkled mark | B54: Toatal H assembly | C54: UC with
B55: total gap Assembly | C55: flute Liner with
B56: total assembly H | C56: ?g
B57: Total H assembly | C57: Cap/Bottle/Wiper
B58: H Assembly total | C58: lbf.in ?
B59: Assembly H Total | C59: Cap/Sifter/Jar
B60: (with Assembly base,sifter) total H | C60: torque application mini of half
B61: bottle,pump) Assembly total (With H | C61: >?kgf.cm
B62: H (with bottle) total Assembly | C62: PPS:?g
B63: total (with H Assembly cap, sifter) | C63: pump/bottle
B64: Assembly total cap) (with H | C64: coaster/bottle
B65: (with total logo) H Assembly | C65: rollers finger,spin a with the
B66: H Assembly Pot) total (with | C66: sifter/glass jar
... B131: E Bottle | C131: crease per
B132: bottle H
B133: H Bottle
B134: H BOTTLE
B135: Bottle H (without neck)
B136: Bottle shoulder H with
B137: without Height Bottle neck
B138: I Bottle
B139: bottle ID
B140: ID Bottle
B141: inner Bottle depth
B142: depth Inner Bottle
B143: bottle L
... B906: Zhu
